{
  "project_info": {
    "project_number": "883758733467",
    "project_id": "fir-9f703",
    "storage_bucket": "fir-9f703.appspot.com"
  },
  "client": [
    {
      "client_info": {
        "mobilesdk_app_id": "1:883758733467:android:3eb2d1c4265a909ec70e3e",
        "android_client_info": {
          "package_name": "com.example.raah"
        }
      },
      "oauth_client": [
        {
          "client_id": "883758733467-dfn6nrknuvfnp7loonm3uuh7n58ril6m.apps.googleusercontent.com",
          "client_type": 3
        }
      ],
      "api_key": [
        {
          "current_key": "AIzaSyCPmDun5V9VKMUQ-ks9o0BuzY_vRFFInKU"
        }
      ],
      "services": {
        "appinvite_service": {
          "other_platform_oauth_client": [
            {
              "client_id": "883758733467-dfn6nrknuvfnp7loonm3uuh7n58ril6m.apps.googleusercontent.com",
              "client_type": 3
            }
          ]
        }
      }
    }
  ],
  "configuration_version": "1"
}